16,Calls,18
16,Calls,17
18,Calls,10
21,Calls,13
23,Calls,14
25,Calls,13
27,Calls,14
29,Calls,31
29,Calls,30
31,Calls,12
32,Calls,13
33,Calls,14
34,Calls,13
35,Calls,11
36,Calls,13
41,Calls,14
43,Calls,14
10,Persists,0
11,Persists,6
12,Persists,4
13,Persists,4
14,Persists,4
15,Persists,4
16,Uses,2
16,Uses,0
17,Uses,0
18,Uses,0
19,Uses,2
21,Uses,4
21,Uses,3
21,Uses,5
23,Uses,4
23,Uses,5
25,Uses,4
26,Uses,4
27,Uses,4
28,Uses,4
29,Uses,4
30,Uses,4
31,Uses,4
32,Uses,4
33,Uses,4
34,Uses,4
35,Uses,6
36,Uses,4
37,Uses,3
40,Uses,4
40,Uses,3
41,Uses,4
41,Uses,3
42,Uses,4
42,Uses,3
43,Uses,3
43,Uses,4
0,References,1
0,Extends,8
1,Extends,9
2,References,0
3,References,6
3,References,5
3,Extends,9
4,References,3
4,Extends,8
5,Extends,7
6,Extends,9
8,Extends,7
9,Extends,7
